{"cameraMode":{"drawMode":0,"name":"Shaded","section":"Shading Mode"},"sceneLighting":true,"audioPlay":false,"sceneViewState":{"showFog":true,"showMaterialUpdate":false,"showSkybox":true,"showFlares":true,"showImageEffects":true,"showParticleSystems":true},"in2DMode":false,"pivot":{"x":-5.827692985534668,"y":-6.007687568664551,"z":-5.751528739929199},"rotation":{"x":-0.29849162697792055,"y":0.6028717160224915,"z":-0.25974345207214358,"w":-0.692807674407959},"size":20.445341110229493,"orthographic":false}